schema_version,timestamp_utc,label,mode,seed,generator,generation_ms,graph_construction_ms,assumed_fill_ms,spoiler_ms,validation_ms,total_ms,allocated_bytes,gen0_collections,gen1_collections,gen2_collections,output_hash,status,failure,checks,structural_rejects,reverse_proofs,reverse_rejects,resolved_without_fallback_pct,fallback_searches,fallback_successes,fallback_failures,fallback_ms,fallback_states,avg_fallback_ms,avg_fallback_states,region_builds,region_build_ms,region_vertices,reverse_search_builds,reverse_search_build_ms,reverse_frontier_vertices,reverse_frontier_entries,structurally_pruned_enqueues,forward_passes,forward_dequeued_states,forward_requirement_evaluations,forward_enqueue_attempts,forward_enqueues
9,2026-07-16T18:53:56.4308165Z,sm-local-v3,Reverse,9876,GameRandomizer,2638.583,257.126,1974.927,403.477,25.697,2736.022,1125448960,31,19,13,e7c8c873da1f20cf9e78bfdf6bd61c1156dbedab4efc9f8659a92d90f52920d2,success,,1535,0,1474,61,100.000,0,0,0,0.000,0,0.000,0.000,1,1.136,907,133,591.049,90840,106735,0,1313,1036534,5046153,2322201,1036534
9,2026-07-16T18:53:59.6140419Z,sm-local-v3,Reverse,9877,GameRandomizer,2871.742,247.266,2271.716,349.853,26.828,2977.942,1196862936,33,18,14,d7eb5413e0512c2517120ceaf7aaa7b35a312785f8fa78f4294a6192fc22ecbb,success,,1640,0,1602,38,100.000,0,0,0,0.000,0,0.000,0.000,1,1.109,907,115,741.837,75824,92404,0,1553,1335920,6477411,2993118,1335920
9,2026-07-16T18:54:02.5774053Z,sm-local-v3,Reverse,9878,GameRandomizer,2652.943,245.948,2021.171,382.963,37.568,2765.209,1064680264,31,19,14,6ab79550d20b82d759aafe53ee3e119c195302e00b0c0d554aa9b4d955c21280,success,,1457,0,1453,4,100.000,0,0,0,0.000,0,0.000,0.000,1,1.486,907,97,640.568,69628,81725,0,1231,1063354,5154483,2367407,1063354
9,2026-07-16T18:54:05.4428191Z,sm-local-v3,Reverse,9879,GameRandomizer,2555.769,255.775,1964.651,332.398,34.792,2665.271,1057563416,30,18,13,f5d7ce1ff485c9cf4fe577ceb5dc150ed422f24c8189cd31c578b1104325204a,success,,1677,0,1623,54,100.000,0,0,0,0.000,0,0.000,0.000,1,1.247,907,108,444.537,72375,84095,0,1282,1041534,5122372,2391915,1041534
9,2026-07-16T18:54:08.5421813Z,sm-local-v3,Reverse,9880,GameRandomizer,2793.740,270.860,2116.197,403.936,36.452,2904.529,1135602016,31,18,13,50085f5ea2c96bacc5dcd755e060e256d7eedb1d006ea59757f82ace2b30952d,success,,1473,0,1473,0,100.000,0,0,0,0.000,0,0.000,0.000,1,1.122,907,102,577.813,72373,84558,0,1279,1096414,5317335,2409532,1096414
9,2026-07-16T18:54:11.4636577Z,sm-local-v3,Reverse,9881,GameRandomizer,2616.901,250.027,2031.361,332.662,42.425,2726.884,1032313048,30,20,14,4339b3909484a5b1620d4c3f0becd04647ba8d9c0367d0612db29f16978fccde,success,,1358,0,1354,4,100.000,0,0,0,0.000,0,0.000,0.000,1,1.169,907,107,397.356,74165,88065,0,1209,1053933,5151940,2411763,1053933
9,2026-07-16T18:54:14.7240871Z,sm-local-v3,Reverse,9882,GameRandomizer,2932.757,250.881,2381.704,297.287,57.050,3052.843,1058655992,30,19,14,e2fbd76214e4c8395265043d57c3e0d6729e9d7c2636fc96da33a4e1b535293d,success,,1469,0,1440,29,100.000,0,0,0,0.000,0,0.000,0.000,1,1.077,907,132,794.931,94735,113544,0,1291,1103350,5355386,2511540,1103350
9,2026-07-16T18:54:17.7404423Z,sm-local-v3,Reverse,9883,GameRandomizer,2689.145,245.844,2064.652,375.432,51.823,2811.590,1141769144,32,18,14,71a2f592451e5b57cd06ab5523c9257592a4e5d3a2834f958ec1b16af7480127,success,,1431,0,1430,1,100.000,0,0,0,0.000,0,0.000,0.000,1,1.108,907,105,505.328,72390,85558,0,1445,1215771,5906831,2723315,1215771
9,2026-07-16T18:54:20.5492049Z,sm-local-v3,Reverse,9884,GameRandomizer,2481.934,253.153,1938.884,286.863,29.813,2597.747,972439008,28,19,13,713957a1f8407871970602bbda1aacf35fb94718c9d19178bfd23d4a15c8cb47,success,,1550,0,1514,36,100.000,0,0,0,0.000,0,0.000,0.000,1,1.148,907,121,637.390,74726,87040,0,1242,1033402,4901470,2239073,1033402
9,2026-07-16T18:54:23.6169321Z,sm-local-v3,Reverse,9885,GameRandomizer,2755.561,276.741,2108.097,367.601,30.269,2855.917,1058150456,29,16,13,5f1707d76dfd432141013581dc46186b180aa1434c51c2235ae42d4f3a4dcbda,success,,1467,0,1433,34,100.000,0,0,0,0.000,0,0.000,0.000,1,1.274,907,100,685.909,70115,81993,0,1247,1046459,5017536,2287972,1046459
9,2026-07-16T18:54:27.7164437Z,sm-local-v3,Reverse,9886,GameRandomizer,3774.342,252.521,3018.271,500.642,29.837,3886.097,1659805560,44,25,17,1e0b7cf4d4065137476af28b094e5b6e7d69ffc18eccaecaba9afea70e915749,success,,2617,0,2535,82,100.000,0,0,0,0.000,0,0.000,0.000,1,1.149,907,180,863.279,126892,148804,0,2193,1921694,9219278,4261909,1921694
9,2026-07-16T18:54:30.5784346Z,sm-local-v3,Reverse,9887,GameRandomizer,2529.295,262.960,1922.727,340.460,41.071,2633.559,1065576880,31,20,14,ac2acc95a3dded995d6114c77dca54c5fcd568929dbb43dda4029c8abbd94d3d,success,,1591,0,1562,29,100.000,0,0,0,0.000,0,0.000,0.000,1,1.153,907,112,385.257,77238,90298,0,1221,1108168,5392571,2550919,1108168
9,2026-07-16T18:54:34.0247031Z,sm-local-v3,Reverse,9888,GameRandomizer,3129.864,243.687,2566.581,316.849,42.589,3245.722,1161166344,33,22,15,de1d1b604a79635cf230978955a66883ed4364e341758fe99574122ebf55b0b6,success,,1446,0,1446,0,100.000,0,0,0,0.000,0,0.000,0.000,1,1.133,907,116,542.780,78718,92103,0,1674,1386305,6817131,3104258,1386305
9,2026-07-16T18:54:36.9088065Z,sm-local-v3,Reverse,9889,GameRandomizer,2533.197,257.491,1948.785,323.880,65.672,2670.029,1036518528,30,20,14,3aabcbf36d725be15d1ce8c6ab010ad9cee0ede35a16aae090e66bbeb3caca22,success,,1538,0,1517,21,100.000,0,0,0,0.000,0,0.000,0.000,1,1.106,907,133,549.274,86322,100271,0,1395,1088096,5242033,2402435,1088096
9,2026-07-16T18:54:39.9155827Z,sm-local-v3,Reverse,9890,GameRandomizer,2707.933,243.027,2151.021,311.049,24.412,2799.616,989968944,27,17,12,f284c91b43df50840ecd1effea169e2829eaad37dde426e9b5645bccbdb76bc7,success,,1470,0,1470,0,100.000,0,0,0,0.000,0,0.000,0.000,1,1.114,907,106,504.154,72849,87211,0,1239,1057892,5051953,2353927,1057892
9,2026-07-16T18:54:43.1735449Z,sm-local-v3,Reverse,9891,GameRandomizer,2952.198,243.591,2329.710,376.051,30.343,3056.769,1101966272,31,19,13,c2e5b40c8beec79fe7956928d121db0569b9d0656eb27b162c77a6fa7bf17339,success,,1544,0,1512,32,100.000,0,0,0,0.000,0,0.000,0.000,1,1.072,907,107,762.533,72513,87699,0,1256,1066473,5147959,2379754,1066473
9,2026-07-16T18:54:46.1656446Z,sm-local-v3,Reverse,9892,GameRandomizer,2669.521,253.354,2023.926,389.325,37.664,2787.083,1094353792,30,18,13,7bb9579edf73025f001b2e831e285978ac6e1bac2f5b239d205a28ed1e5f74ff,success,,1657,0,1541,116,100.000,0,0,0,0.000,0,0.000,0.000,1,1.090,907,130,659.609,83543,98186,0,1254,1022567,4916753,2264170,1022567
9,2026-07-16T18:54:49.2519294Z,sm-local-v3,Reverse,9893,GameRandomizer,2750.662,244.684,2163.938,339.217,54.157,2874.916,1109314416,32,20,15,5e4464f8a9eb08a590bc14e08fec46598aa076d04f65fb6edd1aa028e1f258e1,success,,1496,0,1496,0,100.000,0,0,0,0.000,0,0.000,0.000,1,1.145,907,134,699.548,84262,97253,0,1498,1254206,6048491,2788999,1254206
9,2026-07-16T18:54:52.5987541Z,sm-local-v3,Reverse,9894,GameRandomizer,3016.607,275.038,2332.172,406.416,51.912,3135.668,1144579624,31,17,13,9447275a23f0d390ec50dab9821f4080faff2910994f890f4af951886feee138,success,,1537,0,1518,19,100.000,0,0,0,0.000,0,0.000,0.000,1,1.198,907,106,800.456,73981,89882,0,1247,1105408,5368413,2531488,1105408
9,2026-07-16T18:54:55.6489357Z,sm-local-v3,Reverse,9895,GameRandomizer,2744.523,249.173,2065.001,427.551,35.546,2855.521,1034700216,29,18,13,b34a79a6598085fce1a5a8203662f8e23b0445cc23649806d4451b9b1f2ad765,success,,1472,0,1441,31,100.000,0,0,0,0.000,0,0.000,0.000,1,1.083,907,127,485.775,84495,97327,0,1257,1062249,5132169,2363237,1062249
9,2026-07-16T18:54:58.8981678Z,sm-local-v3,Reverse,9896,GameRandomizer,2946.917,256.204,2273.464,414.456,26.676,3054.282,1135620128,30,17,12,9c2c59ad8c1894e65adff3037746bb3383a9e61a868d3f95e4db4a1c997ea7cb,success,,1476,0,1476,0,100.000,0,0,0,0.000,0,0.000,0.000,1,1.212,907,112,793.667,74262,88148,0,1300,1098426,5324306,2462643,1098426
9,2026-07-16T18:55:02.0218423Z,sm-local-v3,Reverse,9897,GameRandomizer,2796.767,255.510,2182.902,355.503,43.815,2910.292,1113437320,30,17,12,b22c8f38124aea61af47f465de2ef8a6ca88a1c19092b905990707467f1d3c5d,success,,1650,0,1552,98,100.000,0,0,0,0.000,0,0.000,0.000,1,1.165,907,114,606.243,78650,93809,0,1269,1162920,5646729,2624825,1162920
9,2026-07-16T18:55:05.8588837Z,sm-local-v3,Reverse,9898,GameRandomizer,3506.157,264.042,2899.002,340.328,44.394,3625.813,1539349200,41,23,17,ad3d0d26e04005489d022332ad33a00b820f8378cf295d0f152d035c0754b245,success,,2531,0,2524,7,100.000,0,0,0,0.000,0,0.000,0.000,1,1.101,907,182,758.651,131623,154800,0,2377,2027713,10029928,4610180,2027713
9,2026-07-16T18:49:37.3992958Z,sm-local-v3,Reverse,9899,GameRandomizer,2855.216,242.725,2193.059,416.636,45.145,2986.733,1080793736,30,20,13,15d3fa28f66f30883f99f08e50826fd8b59c805b09844f247abebb829389d5f6,success,,1415,0,1405,10,100.000,0,0,0,0.000,0,0.000,0.000,1,1.074,907,116,798.091,76674,97291,0,1309,1020371,4875022,2260936,1020371
9,2026-07-16T18:49:40.3745267Z,sm-local-v3,Reverse,9900,GameRandomizer,2622.287,246.250,1955.803,416.618,21.456,2723.284,1188984632,31,18,12,733c84b61264d695c961360b1f9611888bdb8c8e916fc271554392f5557bdac9,success,,1480,0,1433,47,100.000,0,0,0,0.000,0,0.000,0.000,1,1.077,907,128,675.119,90656,105781,0,1269,1093134,5359372,2491839,1093134
9,2026-07-16T18:49:43.5799019Z,sm-local-v3,Reverse,9901,GameRandomizer,2873.851,264.955,2197.651,408.375,57.844,3006.808,1043304144,30,18,14,e8eb9b796d7eca0f42bef0ec3bd522bfbe7cd0e0acfc77ed5de47da573d1884e,success,,1564,0,1531,33,100.000,0,0,0,0.000,0,0.000,0.000,1,1.153,907,124,516.518,77792,92235,0,1244,1017322,4888174,2266636,1017322
9,2026-07-16T18:49:48.5568480Z,sm-local-v3,Reverse,9902,GameRandomizer,4621.767,282.534,4010.782,325.101,32.162,4736.533,2023830616,49,28,18,218cd1292d379c27950ccacf04d7b124bc5e4ad21b23029593b66594c172878d,success,,4152,0,4046,106,100.000,0,0,0,0.000,0,0.000,0.000,1,1.222,907,255,971.854,174538,209655,0,3549,2950497,14172295,6464609,2950497
9,2026-07-16T18:49:51.5798924Z,sm-local-v3,Reverse,9903,GameRandomizer,2697.334,260.819,2056.715,376.964,45.134,2810.581,1172933704,33,20,14,63a414021d17423c0667cae047e30b6476ad30337d66e5bd913945d1b38aa7a4,success,,2020,0,1903,117,100.000,0,0,0,0.000,0,0.000,0.000,1,1.153,907,117,645.607,78763,94107,0,1307,1131034,5427906,2495948,1131034
9,2026-07-16T18:49:54.7718750Z,sm-local-v3,Reverse,9904,GameRandomizer,2872.873,245.755,2222.846,401.464,37.232,2988.669,1166180808,32,19,13,acdf90b9ee119a39a1b8bb6d2d67eaa2b6a3a1c9fc5c15112f10ae808eba78ff,success,,1568,0,1534,34,100.000,0,0,0,0.000,0,0.000,0.000,1,1.148,907,105,716.775,66592,78202,0,1221,1075285,5194251,2433188,1075285
9,2026-07-16T18:49:57.6316316Z,sm-local-v3,Reverse,9905,GameRandomizer,2551.621,263.953,1872.469,412.173,33.904,2655.137,1130249656,31,17,13,9023d64f0f1bd07b0294b5cc5b4ffdffa3e9886cc35ac12eef66f41e84b3537d,success,,1696,0,1621,75,100.000,0,0,0,0.000,0,0.000,0.000,1,1.422,907,130,454.375,85573,101062,0,1292,1098054,5265846,2432915,1098054
9,2026-07-16T18:50:00.8080817Z,sm-local-v3,Reverse,9906,GameRandomizer,2874.486,246.465,2229.731,395.495,33.334,2976.462,1160605152,31,20,13,59b7d47865cadde279cdc18880df96c50ae1faffed10de6e861460cb3b34b6f0,success,,1668,0,1568,100,100.000,0,0,0,0.000,0,0.000,0.000,1,1.087,907,139,836.495,86881,102135,0,1366,1169799,5587798,2568771,1169799
9,2026-07-16T18:50:03.5439407Z,sm-local-v3,Reverse,9907,GameRandomizer,2411.437,260.962,1828.003,319.636,32.589,2521.374,1078673032,30,17,13,d15d86accc32c07301db16c0217cce4aef06954da774e5036604613498603120,success,,1428,0,1406,22,100.000,0,0,0,0.000,0,0.000,0.000,1,1.112,907,111,517.956,76412,88922,0,1257,1113482,5569888,2557395,1113482
9,2026-07-16T18:50:07.5040390Z,sm-local-v3,Reverse,9908,GameRandomizer,3631.797,278.197,3050.610,299.743,38.424,3738.003,1525810344,40,23,16,1d0fbe813f60600806c92130e2c57313fd22615273308431e68d791f5e8fb862,success,,2990,0,2897,93,100.000,0,0,0,0.000,0,0.000,0.000,1,1.126,907,181,651.207,126051,147484,0,2362,2029653,9826154,4534979,2029653
9,2026-07-16T18:50:10.6523947Z,sm-local-v3,Reverse,9909,GameRandomizer,2836.512,262.900,2233.068,337.709,42.672,2949.555,1029908360,28,18,12,7922d089ddb5e94d50b1d82ae72fa7774665b5e610b46144b121a7c93cab7623,success,,1795,0,1671,124,100.000,0,0,0,0.000,0,0.000,0.000,1,1.096,907,145,827.763,88302,102055,0,1264,1044323,5058277,2331192,1044323
9,2026-07-16T18:50:13.8314700Z,sm-local-v3,Reverse,9910,GameRandomizer,2870.336,273.182,2231.795,362.443,28.617,2968.059,1081307080,30,18,13,09f45f04fc9a225410e8f5c739a2969ff716e8e101c2f7da9ffc43334a0baecd,success,,1520,0,1440,80,100.000,0,0,0,0.000,0,0.000,0.000,1,1.181,907,131,717.487,94932,109982,0,1220,1066352,5221157,2419763,1066352
9,2026-07-16T18:50:16.6693791Z,sm-local-v3,Reverse,9911,GameRandomizer,2504.117,258.625,1877.577,364.982,41.360,2618.226,1036672488,30,18,14,9ec8f60a9d7ee950fa2bc16365c912fa86f72535f5c7917d57b8bd042fcc688a,success,,1517,0,1485,32,100.000,0,0,0,0.000,0,0.000,0.000,1,1.167,907,109,521.206,66930,80235,0,1246,996484,4766346,2209411,996484
9,2026-07-16T18:50:19.7925185Z,sm-local-v3,Reverse,9912,GameRandomizer,2796.437,265.915,2083.053,444.256,51.316,2920.252,1356242992,36,21,14,0287256feb647b087fe409599f938cfe5825668fdacc65b16e6d42e44c1464ea,success,,1515,0,1434,81,100.000,0,0,0,0.000,0,0.000,0.000,1,1.080,907,144,583.219,90031,104825,0,1678,1347733,6619559,3037333,1347733
9,2026-07-16T18:50:23.0640198Z,sm-local-v3,Reverse,9913,GameRandomizer,2937.278,251.835,2341.151,341.461,54.468,3067.753,1236364296,34,20,14,fb7307500a1d688814b38af1f94a5b7604c7dacf1f1fec1a8c77d6a1ba146f6d,success,,1469,0,1469,0,100.000,0,0,0,0.000,0,0.000,0.000,1,1.198,907,120,673.953,83508,98210,0,1760,1462567,7203970,3370570,1462567
9,2026-07-16T18:50:26.0613904Z,sm-local-v3,Reverse,9914,GameRandomizer,2693.171,243.234,2061.598,385.531,30.216,2795.037,1104273856,29,16,12,f186d3d21b803eb69499a77b2675bca7dd98678ae13f88eb2ea8c19982d2348f,success,,1395,0,1387,8,100.000,0,0,0,0.000,0,0.000,0.000,1,1.532,907,111,562.050,75816,89843,0,1240,1083354,5176437,2400109,1083354
9,2026-07-16T18:50:29.3784822Z,sm-local-v3,Reverse,9915,GameRandomizer,2974.339,273.185,2430.190,267.665,34.850,3087.329,986809536,28,18,13,3458091a6d7ea82c7551391c962e5e81db4ee044713299259357da61f7531523,success,,1464,0,1434,30,100.000,0,0,0,0.000,0,0.000,0.000,1,1.224,907,116,806.658,74213,88512,0,1304,1096010,5254077,2477358,1096010
9,2026-07-16T18:50:32.6507784Z,sm-local-v3,Reverse,9916,GameRandomizer,2952.498,249.170,2283.306,417.133,38.014,3066.238,1207247736,32,18,13,7bc2939b854e0f7734621a4d1ad9d3743d26b2c8b68c03fdfb79a186ec8eaebb,success,,1613,0,1483,130,100.000,0,0,0,0.000,0,0.000,0.000,1,1.376,907,118,764.653,81480,94654,0,1602,1323939,6427311,2954472,1323939
9,2026-07-16T18:50:36.9638572Z,sm-local-v3,Reverse,9917,GameRandomizer,3990.733,264.696,3346.483,376.176,38.200,4100.115,1477252256,39,23,16,8fb082c9ee3df260f428b50019c7fee1948785b7cdc3f4764e740ed93bf41657,success,,2901,0,2798,103,100.000,0,0,0,0.000,0,0.000,0.000,1,1.088,907,169,990.381,120412,146462,0,2265,1961877,9470142,4446608,1961877
9,2026-07-16T18:50:39.7929482Z,sm-local-v3,Reverse,9918,GameRandomizer,2500.561,254.257,1905.630,337.827,49.737,2622.927,1070746048,29,17,12,100fd3355deb4c95c0d3ddf50818a6448214d3e0780bcb780d26a0ae07bc37db,success,,1675,0,1613,62,100.000,0,0,0,0.000,0,0.000,0.000,1,1.242,907,121,486.385,77587,92161,0,1286,1082724,5252592,2427137,1082724
9,2026-07-16T18:50:42.6611244Z,sm-local-v3,Reverse,9919,GameRandomizer,2562.676,257.188,2018.950,283.246,20.357,2651.237,984875920,27,19,12,a62ea6a53a5171b3ca4e1ec8bfebd2f1426c9f444cec5415c9157bc7882b21ad,success,,1539,0,1468,71,100.000,0,0,0,0.000,0,0.000,0.000,1,1.073,907,131,698.769,91879,105927,0,1228,1016539,4924910,2272917,1016539
9,2026-07-16T18:50:45.4445865Z,sm-local-v3,Reverse,9920,GameRandomizer,2468.127,256.706,1869.392,339.229,41.478,2584.567,1041298120,29,18,13,9aaeef286910eb1f807997282e14a697828abc2ad3b6a0b94b4f66fec904fa1c,success,,1431,0,1413,18,100.000,0,0,0,0.000,0,0.000,0.000,1,1.081,907,126,604.398,82196,94289,0,1341,1003518,4897173,2205335,1003518
9,2026-07-16T18:50:48.7260972Z,sm-local-v3,Reverse,9921,GameRandomizer,2975.454,246.885,2330.129,395.676,39.917,3087.602,1201922608,33,19,14,e667398c2e187f769ffd7cbdbd52a473fa1e67dcd08a630b3f90b153f9048061,success,,1541,0,1496,45,100.000,0,0,0,0.000,0,0.000,0.000,1,1.087,907,122,804.891,85260,99134,0,1273,1123048,5575137,2588278,1123048
9,2026-07-16T18:50:51.8991685Z,sm-local-v3,Reverse,9922,GameRandomizer,2840.111,260.212,2210.637,366.444,48.154,2973.965,1119956536,32,17,14,4e18478952568b75d4b54768ef850f4d4324aa9dc518445c87d5f45806bdb40a,success,,1399,0,1393,6,100.000,0,0,0,0.000,0,0.000,0.000,1,1.214,907,93,623.271,62941,73721,0,1244,1141839,5623890,2612765,1141839
9,2026-07-16T18:50:54.6935121Z,sm-local-v3,Reverse,9923,GameRandomizer,2503.959,262.760,1932.396,305.914,20.355,2590.277,1026962632,28,18,12,d2245280af304eebe2072f64e2f1badda8f3405777f42ec3adfeb6bbc0857548,success,,1536,0,1477,59,100.000,0,0,0,0.000,0,0.000,0.000,1,1.133,907,112,567.745,73785,86321,0,1241,1063594,5097625,2344539,1063594
9,2026-07-16T18:50:57.8170582Z,sm-local-v3,Reverse,9924,GameRandomizer,2818.301,265.474,2169.842,379.883,36.249,2925.589,1108036808,32,19,14,c77de3f34c63138fc3af589f4eef2537b54a12f44433a66510c7a4aa26ea4e7d,success,,1845,0,1472,373,100.000,0,0,0,0.000,0,0.000,0.000,1,1.344,907,128,672.686,69988,82276,0,1379,1159156,5611841,2611952,1159156
9,2026-07-16T18:51:01.1349431Z,sm-local-v3,Reverse,9925,GameRandomizer,2980.686,261.812,2293.754,422.157,57.978,3109.976,1260614328,35,20,14,b1486ca3594eac79282acf55ac53519d20a2ca3b740c12f546d94c9b6331084a,success,,1463,0,1457,6,100.000,0,0,0,0.000,0,0.000,0.000,1,1.141,907,119,679.735,82413,96095,0,1585,1284291,6350649,2964659,1284291
